location,price,size,price_per_sqm,geo code ,scraped_at,page_number,page_url,price_numeric,,,,,,,price_per_rai
Watthana ,"405,000,000",269,"1,505,576",,2025-07-30 13:19:41,6,https://www.thailand-property.com/land-for-sale/bangkok?page=7,,,,,,,,
Phra Khanong ,"990,000,000","2,772","357,143",,2025-07-30 13:25:08,12,https://www.thailand-property.com/land-for-sale/bangkok?page=13,,,,,,,,
Watthana ,"249,000,000","1,076","231,413",,2025-07-30 14:50:04,18,https://www.thailand-property.com/land-for-sale/bangkok?page=19,,,,,,,,
Prawet ,"306,000,000","2,040","150,000",,2025-07-30 13:18:09,5,https://www.thailand-property.com/land-for-sale/bangkok?page=6,,,,,,,,
Phra Khanong ,"32,000,000",220,"145,455",,2025-07-30 14:49:32,17,https://www.thailand-property.com/land-for-sale/bangkok?page=18,,,,,,,,
Huai Khwang ,"560,000,000","4,020","139,303",,2025-07-30 13:22:15,9,https://www.thailand-property.com/land-for-sale/bangkok?page=10,,,,,,,,
Wang Thonglang ,"440,000,000","3,200","137,500",,2025-07-30 13:23:17,10,https://www.thailand-property.com/land-for-sale/bangkok?page=11,,,,,,,,
Watthana ,"140,000,000","1,064","131,579",,2025-07-30 14:47:26,15,https://www.thailand-property.com/land-for-sale/bangkok?page=16,,,,,,,,
Phra Khanong ,"120,000,000","1,144","104,895",,2025-07-30 13:19:25,6,https://www.thailand-property.com/land-for-sale/bangkok?page=7,,,,,,,,
Bang Khae ,"90,000,000",900,"100,000",,2025-07-30 13:15:41,3,https://www.thailand-property.com/land-for-sale/bangkok?page=4,,,,,,,,
Watthana ,"19,800,000",232,"85,345",,2025-07-30 14:49:44,17,https://www.thailand-property.com/land-for-sale/bangkok?page=18,,,,,,,,
Watthana ,"85,120,000","1,064","80,000",,2025-07-30 14:50:06,18,https://www.thailand-property.com/land-for-sale/bangkok?page=19,,,,,,,,
Chatuchak ,"31,000,000",392,"79,082",,2025-07-30 13:22:17,9,https://www.thailand-property.com/land-for-sale/bangkok?page=10,,,,,,,,
Bang Kapi ,"176,080,000","2,272","77,500",,2025-07-30 13:19:27,6,https://www.thailand-property.com/land-for-sale/bangkok?page=7,,,,,,,,
Chatuchak ,"32,500,000",432,"75,231",,2025-07-30 13:17:07,4,https://www.thailand-property.com/land-for-sale/bangkok?page=5,,,,,,,,
Huai Khwang ,"398,400,000","5,312","75,000",,2025-07-30 13:23:07,10,https://www.thailand-property.com/land-for-sale/bangkok?page=11,,,,,,,,
Khan Na Yao ,"448,000,000","6,000","74,667",,2025-07-30 13:19:43,6,https://www.thailand-property.com/land-for-sale/bangkok?page=7,,,,,,,,
Prawet ,"235,000,000","3,200","73,438",,2025-07-30 13:19:18,6,https://www.thailand-property.com/land-for-sale/bangkok?page=7,,,,,,,,
Phaya Thai ,"89,000,000","1,224","72,712",,2025-07-30 13:15:09,2,https://www.thailand-property.com/land-for-sale/bangkok?page=3,,,,,,,,
Bang Khun Thian ,"2,900,000",40,"72,500",,2025-07-30 14:47:30,15,https://www.thailand-property.com/land-for-sale/bangkok?page=16,,,,,,,,
Thon Buri ,"28,560,000",408,"70,000",,2025-07-30 13:25:10,12,https://www.thailand-property.com/land-for-sale/bangkok?page=13,,,,,,,,
Bang Kapi ,"150,000,000","2,252","66,607",,2025-07-30 14:47:09,15,https://www.thailand-property.com/land-for-sale/bangkok?page=16,,,,,,,,
Phra Khanong ,"20,000,000",304,"65,789",,2025-07-30 13:19:34,6,https://www.thailand-property.com/land-for-sale/bangkok?page=7,,,,,,,,
Bang Na ,"208,000,000","3,200","65,000",,2025-07-30 13:35:45,13,https://www.thailand-property.com/land-for-sale/bangkok?page=14,,,,,,,,
Bang Na ,"208,000,000","3,200","65,000",,2025-07-30 14:48:39,16,https://www.thailand-property.com/land-for-sale/bangkok?page=17,,,,,,,,
Huai Khwang ,"28,250,000",452,"62,500",,2025-07-30 13:23:33,10,https://www.thailand-property.com/land-for-sale/bangkok?page=11,,,,,,,,
Taling Chan ,"400,000,000","6,612","60,496",,2025-07-30 13:16:54,4,https://www.thailand-property.com/land-for-sale/bangkok?page=5,,,,,,,,
Lat Phrao ,"125,000,000","2,104","59,411",,2025-07-30 13:14:23,1,https://www.thailand-property.com/land-for-sale/bangkok?page=2,,,,,,,,
Thawi Watthana ,"14,500,000",248,"58,468",,2025-07-30 14:50:18,18,https://www.thailand-property.com/land-for-sale/bangkok?page=19,,,,,,,,
Yan Nawa ,"79,860,000","1,452","55,000",,2025-07-30 13:20:07,7,https://www.thailand-property.com/land-for-sale/bangkok?page=8,,,,,,,,
Bang Na ,"440,000,000","8,000","55,000",,2025-07-30 13:20:55,8,https://www.thailand-property.com/land-for-sale/bangkok?page=9,,,,,,,,
Huai Khwang ,"60,000,000","1,112","53,957",,2025-07-30 14:47:10,15,https://www.thailand-property.com/land-for-sale/bangkok?page=16,,,,,,,,
Phra Khanong ,"37,500,000",732,"51,230",,2025-07-30 13:19:52,6,https://www.thailand-property.com/land-for-sale/bangkok?page=7,,,,,,,,
Bang Khae ,"15,600,000",308,"50,649",,2025-07-30 14:46:43,14,https://www.thailand-property.com/land-for-sale/bangkok?page=15,,,,,,,,
Huai Khwang ,"20,000,000",396,"50,505",,2025-07-30 13:20:03,7,https://www.thailand-property.com/land-for-sale/bangkok?page=8,,,,,,,,
Bangkok Yai ,"132,800,000","2,656","50,000",,2025-07-30 13:23:25,10,https://www.thailand-property.com/land-for-sale/bangkok?page=11,,,,,,,,
Chom Thong ,"76,200,000","1,524","50,000",,2025-07-30 13:23:30,10,https://www.thailand-property.com/land-for-sale/bangkok?page=11,,,,,,,,
Huai Khwang ,"32,000,000",640,"50,000",,2025-07-30 13:24:09,11,https://www.thailand-property.com/land-for-sale/bangkok?page=12,,,,,,,,
Don Mueang ,"160,000,000","3,200","50,000",,2025-07-30 14:48:28,16,https://www.thailand-property.com/land-for-sale/bangkok?page=17,,,,,,,,
Suan Luang ,"40,000,000",800,"50,000",,2025-07-30 13:18:11,5,https://www.thailand-property.com/land-for-sale/bangkok?page=6,,,,,,,,
Bang Na ,"50,000,000","1,040","48,077",,2025-07-30 14:48:41,16,https://www.thailand-property.com/land-for-sale/bangkok?page=17,,,,,,,,
Suan Luang ,"520,000,000","11,200","46,429",,2025-07-30 13:15:12,2,https://www.thailand-property.com/land-for-sale/bangkok?page=3,,,,,,,,
Phra Khanong ,"17,550,000",388,"45,232",,2025-07-30 13:14:58,2,https://www.thailand-property.com/land-for-sale/bangkok?page=3,,,,,,,,
Bang Khen ,"27,360,000",608,"45,000",,2025-07-30 13:35:36,13,https://www.thailand-property.com/land-for-sale/bangkok?page=14,,,,,,,,
Suan Luang ,"54,180,000","1,204","45,000",,2025-07-30 13:35:53,13,https://www.thailand-property.com/land-for-sale/bangkok?page=14,,,,,,,,
Bang Khen ,"27,360,000",608,"45,000",,2025-07-30 14:48:25,16,https://www.thailand-property.com/land-for-sale/bangkok?page=17,,,,,,,,
Suan Luang ,"54,180,000","1,204","45,000",,2025-07-30 14:48:44,16,https://www.thailand-property.com/land-for-sale/bangkok?page=17,,,,,,,,
Watthana ,"29,000,000",680,"42,647",,2025-07-30 14:50:08,18,https://www.thailand-property.com/land-for-sale/bangkok?page=19,,,,,,,,
Phasi Charoen ,"316,000,000","7,684","41,124",,2025-07-30 14:47:06,15,https://www.thailand-property.com/land-for-sale/bangkok?page=16,,,,,,,,
Phra Khanong ,"23,400,000",576,"40,625",,2025-07-30 13:24:14,11,https://www.thailand-property.com/land-for-sale/bangkok?page=12,,,,,,,,
Phra Khanong ,"23,000,000",568,"40,493",,2025-07-30 14:47:34,15,https://www.thailand-property.com/land-for-sale/bangkok?page=16,,,,,,,,
Phra Khanong ,"23,000,000",568,"40,493",,2025-07-30 13:21:08,8,https://www.thailand-property.com/land-for-sale/bangkok?page=9,,,,,,,,
Khlong Sam Wa ,"15,450,000",384,"40,234",,2025-07-30 13:17:04,4,https://www.thailand-property.com/land-for-sale/bangkok?page=5,,,,,,,,
Wang Thonglang ,"5,300,000",132,"40,152",,2025-07-30 13:18:01,5,https://www.thailand-property.com/land-for-sale/bangkok?page=6,,,,,,,,
Bang Khae ,"9,500,000",240,"39,583",,2025-07-30 14:47:32,15,https://www.thailand-property.com/land-for-sale/bangkok?page=16,,,,,,,,
Bueng Kum ,"382,350,000","10,196","37,500",,2025-07-30 13:15:43,3,https://www.thailand-property.com/land-for-sale/bangkok?page=4,,,,,,,,
Din Daeng ,"6,900,000",184,"37,500",,2025-07-30 13:16:45,4,https://www.thailand-property.com/land-for-sale/bangkok?page=5,,,,,,,,
Bang Kapi ,"15,000,000",400,"37,500",,2025-07-30 13:19:21,6,https://www.thailand-property.com/land-for-sale/bangkok?page=7,,,,,,,,
Sai Mai ,"6,700,000",183,"36,612",,2025-07-30 13:15:05,2,https://www.thailand-property.com/land-for-sale/bangkok?page=3,,,,,,,,
Phra Khanong ,"440,500,000","12,660","34,795",,2025-07-30 13:23:23,10,https://www.thailand-property.com/land-for-sale/bangkok?page=11,,,,,,,,
Phra Khanong ,"440,500,000","12,660","34,795",,2025-07-30 13:15:10,2,https://www.thailand-property.com/land-for-sale/bangkok?page=3,,,,,,,,
Bang Khae ,"3,000,000",89,"33,708",,2025-07-30 14:46:20,14,https://www.thailand-property.com/land-for-sale/bangkok?page=15,,,,,,,,
Huai Khwang ,"40,000,000","1,280","31,250",,2025-07-30 14:48:36,16,https://www.thailand-property.com/land-for-sale/bangkok?page=17,,,,,,,,
Bang Khen ,"5,000,000",160,"31,250",,2025-07-30 13:14:42,2,https://www.thailand-property.com/land-for-sale/bangkok?page=3,,,,,,,,
Bang Khen ,"24,250,000",776,"31,250",,2025-07-30 13:17:01,4,https://www.thailand-property.com/land-for-sale/bangkok?page=5,,,,,,,,
Wang Thonglang ,"14,000,000",450,"31,111",,2025-07-30 13:15:56,3,https://www.thailand-property.com/land-for-sale/bangkok?page=4,,,,,,,,
Bang Phlat ,"83,940,000","2,796","30,021",,2025-07-30 14:48:40,16,https://www.thailand-property.com/land-for-sale/bangkok?page=17,,,,,,,,
Bang Phlat ,"83,940,000","2,796","30,021",,2025-07-30 13:16:56,4,https://www.thailand-property.com/land-for-sale/bangkok?page=5,,,,,,,,
Bueng Kum ,"414,960,000","13,832","30,000",,2025-07-30 13:15:07,2,https://www.thailand-property.com/land-for-sale/bangkok?page=3,,,,,,,,
Chatuchak ,"61,000,000","2,148","28,399",,2025-07-30 13:19:23,6,https://www.thailand-property.com/land-for-sale/bangkok?page=7,,,,,,,,
Wang Thonglang ,"8,250,000",292,"28,253",,2025-07-30 13:14:47,2,https://www.thailand-property.com/land-for-sale/bangkok?page=3,,,,,,,,
Sai Mai ,"5,500,000",196,"28,061",,2025-07-30 13:14:10,1,https://www.thailand-property.com/land-for-sale/bangkok?page=2,,,,,,,,
Chatuchak ,"10,560,000",384,"27,500",,2025-07-30 13:22:58,10,https://www.thailand-property.com/land-for-sale/bangkok?page=11,,,,,,,,
Chatuchak ,"10,560,000",384,"27,500",,2025-07-30 14:46:11,14,https://www.thailand-property.com/land-for-sale/bangkok?page=15,,,,,,,,
Chatuchak ,"10,560,000",384,"27,500",,2025-07-30 13:14:02,1,https://www.thailand-property.com/land-for-sale/bangkok?page=2,,,,,,,,
Bang Na ,"10,500,000",400,"26,250",,2025-07-30 14:50:13,18,https://www.thailand-property.com/land-for-sale/bangkok?page=19,,,,,,,,
Bang Khen ,"4,900,000",188,"26,064",,2025-07-30 13:15:03,2,https://www.thailand-property.com/land-for-sale/bangkok?page=3,,,,,,,,
Taling Chan ,"12,360,000",480,"25,750",,2025-07-30 13:35:59,13,https://www.thailand-property.com/land-for-sale/bangkok?page=14,,,,,,,,
Bang Khun Thian ,"70,000,000","2,796","25,036",,2025-07-30 14:48:31,16,https://www.thailand-property.com/land-for-sale/bangkok?page=17,,,,,,,,
Bang Khun Thian ,"70,000,000","2,796","25,036",,2025-07-30 13:16:58,4,https://www.thailand-property.com/land-for-sale/bangkok?page=5,,,,,,,,
Lat Phrao ,"6,000,000",240,"25,000",,2025-07-30 13:21:24,8,https://www.thailand-property.com/land-for-sale/bangkok?page=9,,,,,,,,
Lat Phrao ,"14,602,000",596,"24,500",,2025-07-30 14:48:22,16,https://www.thailand-property.com/land-for-sale/bangkok?page=17,,,,,,,,
Bang Khen ,"6,000,000",248,"24,194",,2025-07-30 13:20:36,7,https://www.thailand-property.com/land-for-sale/bangkok?page=8,,,,,,,,
Sai Mai ,"37,685,000","1,600","23,553",,2025-07-30 13:24:05,11,https://www.thailand-property.com/land-for-sale/bangkok?page=12,,,,,,,,
Prawet ,"299,340,000","12,800","23,386",,2025-07-30 13:35:39,13,https://www.thailand-property.com/land-for-sale/bangkok?page=14,,,,,,,,
Bang Phlat ,"150,000,000","6,716","22,335",,2025-07-30 14:47:38,15,https://www.thailand-property.com/land-for-sale/bangkok?page=16,,,,,,,,
Bang Phlat ,"150,000,000","6,716","22,335",,2025-07-30 13:22:13,9,https://www.thailand-property.com/land-for-sale/bangkok?page=10,,,,,,,,
Thawi Watthana ,"60,000,000","2,688","22,321",,2025-07-30 13:19:13,6,https://www.thailand-property.com/land-for-sale/bangkok?page=7,,,,,,,,
Bang Khen ,"13,200,000",600,"22,000",,2025-07-30 14:49:08,17,https://www.thailand-property.com/land-for-sale/bangkok?page=18,,,,,,,,
Bang Na ,"17,500,000",800,"21,875",,2025-07-30 13:15:38,3,https://www.thailand-property.com/land-for-sale/bangkok?page=4,,,,,,,,
Phra Khanong ,"33,915,000","1,596","21,250",,2025-07-30 13:19:36,6,https://www.thailand-property.com/land-for-sale/bangkok?page=7,,,,,,,,
Lak Si ,"16,500,000",800,"20,625",,2025-07-30 13:20:10,7,https://www.thailand-property.com/land-for-sale/bangkok?page=8,,,,,,,,
Bang Khae ,"48,453,600","2,400","20,189",,2025-07-30 13:21:02,8,https://www.thailand-property.com/land-for-sale/bangkok?page=9,,,,,,,,
Khlong Sam Wa ,"142,740,000","7,320","19,500",,2025-07-30 13:21:04,8,https://www.thailand-property.com/land-for-sale/bangkok?page=9,,,,,,,,
Bang Na ,"15,000,000",792,"18,939",,2025-07-30 14:48:46,16,https://www.thailand-property.com/land-for-sale/bangkok?page=17,,,,,,,,
Bang Khen ,"7,950,000",424,"18,750",,2025-07-30 13:20:39,7,https://www.thailand-property.com/land-for-sale/bangkok?page=8,,,,,,,,
Wang Thonglang ,"38,500,000","2,076","18,545",,2025-07-30 14:47:04,15,https://www.thailand-property.com/land-for-sale/bangkok?page=16,,,,,,,,
Min Buri ,"519,000,000","28,800","18,021",,2025-07-30 13:22:22,9,https://www.thailand-property.com/land-for-sale/bangkok?page=10,,,,,,,,
Lat Phrao ,"7,000,000",396,"17,677",,2025-07-30 13:14:21,1,https://www.thailand-property.com/land-for-sale/bangkok?page=2,,,,,,,,
Sai Mai ,"33,475,000","1,924","17,399",,2025-07-30 13:19:53,6,https://www.thailand-property.com/land-for-sale/bangkok?page=7,,,,,,,,
Phasi Charoen ,"35,000,000","2,024","17,292",,2025-07-30 13:35:43,13,https://www.thailand-property.com/land-for-sale/bangkok?page=14,,,,,,,,
Taling Chan ,"3,320,000",196,"16,939",,2025-07-30 13:24:12,11,https://www.thailand-property.com/land-for-sale/bangkok?page=12,,,,,,,,
Lat Phrao ,"8,370,000",496,"16,875",,2025-07-30 13:15:54,3,https://www.thailand-property.com/land-for-sale/bangkok?page=4,,,,,,,,
Phasi Charoen ,"21,900,000","1,320","16,591",,2025-07-30 13:23:03,10,https://www.thailand-property.com/land-for-sale/bangkok?page=11,,,,,,,,
Bang Bon ,"3,350,000",204,"16,422",,2025-07-30 13:21:58,9,https://www.thailand-property.com/land-for-sale/bangkok?page=10,,,,,,,,
Bang Kapi ,"11,505,000",708,"16,250",,2025-07-30 13:16:51,4,https://www.thailand-property.com/land-for-sale/bangkok?page=5,,,,,,,,
Khan Na Yao ,"6,695,000",412,"16,250",,2025-07-30 13:18:23,5,https://www.thailand-property.com/land-for-sale/bangkok?page=6,,,,,,,,
Bueng Kum ,"6,500,000",400,"16,250",,2025-07-30 13:20:22,7,https://www.thailand-property.com/land-for-sale/bangkok?page=8,,,,,,,,
Bueng Kum ,"7,600,000",472,"16,102",,2025-07-30 13:15:17,2,https://www.thailand-property.com/land-for-sale/bangkok?page=3,,,,,,,,
Bang Khun Thian ,"6,600,000",412,"16,019",,2025-07-30 13:23:00,10,https://www.thailand-property.com/land-for-sale/bangkok?page=11,,,,,,,,
Khan Na Yao ,"333,500,000","21,196","15,734",,2025-07-30 13:25:05,12,https://www.thailand-property.com/land-for-sale/bangkok?page=13,,,,,,,,
Khan Na Yao ,"333,500,000","21,196","15,734",,2025-07-30 14:47:35,15,https://www.thailand-property.com/land-for-sale/bangkok?page=16,,,,,,,,
Phra Khanong ,"4,400,000",280,"15,714",,2025-07-30 14:48:20,16,https://www.thailand-property.com/land-for-sale/bangkok?page=17,,,,,,,,
Bang Khae ,"4,390,000",280,"15,679",,2025-07-30 13:24:33,11,https://www.thailand-property.com/land-for-sale/bangkok?page=12,,,,,,,,
Lat Phrao ,"2,500,000",160,"15,625",,2025-07-30 13:15:47,3,https://www.thailand-property.com/land-for-sale/bangkok?page=4,,,,,,,,
Lat Phrao ,"2,500,000",160,"15,625",,2025-07-30 13:17:16,4,https://www.thailand-property.com/land-for-sale/bangkok?page=5,,,,,,,,
Khlong Sam Wa ,"99,275,000","6,400","15,512",,2025-07-30 13:15:35,3,https://www.thailand-property.com/land-for-sale/bangkok?page=4,,,,,,,,
Bang Khen ,"4,650,000",308,"15,097",,2025-07-30 13:14:19,1,https://www.thailand-property.com/land-for-sale/bangkok?page=2,,,,,,,,
Khlong Sam Wa ,"7,150,000",476,"15,021",,2025-07-30 13:16:00,3,https://www.thailand-property.com/land-for-sale/bangkok?page=4,,,,,,,,
Thawi Watthana ,"768,000,000","51,200","15,000",,2025-07-30 14:46:45,14,https://www.thailand-property.com/land-for-sale/bangkok?page=15,,,,,,,,
Lak Si ,"6,000,000",400,"15,000",,2025-07-30 13:20:52,8,https://www.thailand-property.com/land-for-sale/bangkok?page=9,,,,,,,,
Prawet ,"5,800,000",400,"14,500",,2025-07-30 14:49:11,17,https://www.thailand-property.com/land-for-sale/bangkok?page=18,,,,,,,,
Prawet ,"5,800,000",400,"14,500",,2025-07-30 13:19:51,6,https://www.thailand-property.com/land-for-sale/bangkok?page=7,,,,,,,,
Sai Mai ,"2,850,000",204,"13,971",,2025-07-30 13:36:04,13,https://www.thailand-property.com/land-for-sale/bangkok?page=14,,,,,,,,
Sai Mai ,"2,850,000",204,"13,971",,2025-07-30 14:47:13,15,https://www.thailand-property.com/land-for-sale/bangkok?page=16,,,,,,,,
Saphan Sung ,"22,000,000","1,600","13,750",,2025-07-30 13:17:13,4,https://www.thailand-property.com/land-for-sale/bangkok?page=5,,,,,,,,
Bang Khen ,"38,000,000","2,832","13,418",,2025-07-30 13:14:28,1,https://www.thailand-property.com/land-for-sale/bangkok?page=2,,,,,,,,
Bang Khun Thian ,"20,829,000","1,572","13,250",,2025-07-30 13:35:50,13,https://www.thailand-property.com/land-for-sale/bangkok?page=14,,,,,,,,
Bang Khen ,"3,800,000",292,"13,014",,2025-07-30 13:18:00,5,https://www.thailand-property.com/land-for-sale/bangkok?page=6,,,,,,,,
Bang Khae ,"10,300,000",800,"12,875",,2025-07-30 14:50:33,18,https://www.thailand-property.com/land-for-sale/bangkok?page=19,,,,,,,,
Bang Khun Thian ,"2,000,000",160,"12,500",,2025-07-30 14:47:28,15,https://www.thailand-property.com/land-for-sale/bangkok?page=16,,,,,,,,
Min Buri ,"37,835,000","3,028","12,495",,2025-07-30 13:17:55,5,https://www.thailand-property.com/land-for-sale/bangkok?page=6,,,,,,,,
Thon Buri ,"7,500,000",604,"12,417",,2025-07-30 13:24:56,12,https://www.thailand-property.com/land-for-sale/bangkok?page=13,,,,,,,,
Thawi Watthana ,"2,580,000",212,"12,170",,2025-07-30 13:20:16,7,https://www.thailand-property.com/land-for-sale/bangkok?page=8,,,,,,,,
Prawet ,"2,420,000",200,"12,100",,2025-07-30 14:49:07,17,https://www.thailand-property.com/land-for-sale/bangkok?page=18,,,,,,,,
Prawet ,"2,420,000",200,"12,100",,2025-07-30 13:19:48,6,https://www.thailand-property.com/land-for-sale/bangkok?page=7,,,,,,,,
Don Mueang ,"2,900,000",240,"12,083",,2025-07-30 13:24:03,11,https://www.thailand-property.com/land-for-sale/bangkok?page=12,,,,,,,,
Khlong Sam Wa ,"5,000,000",416,"12,019",,2025-07-30 13:21:16,8,https://www.thailand-property.com/land-for-sale/bangkok?page=9,,,,,,,,
Bueng Kum ,"23,000,000","1,948","11,807",,2025-07-30 13:16:48,4,https://www.thailand-property.com/land-for-sale/bangkok?page=5,,,,,,,,
Khlong Sam Wa ,"4,500,000",392,"11,480",,2025-07-30 13:14:05,1,https://www.thailand-property.com/land-for-sale/bangkok?page=2,,,,,,,,
Khlong Sam Wa ,"3,375,000",300,"11,250",,2025-07-30 14:48:12,16,https://www.thailand-property.com/land-for-sale/bangkok?page=17,,,,,,,,
Khan Na Yao ,"4,500,000",400,"11,250",,2025-07-30 13:13:58,1,https://www.thailand-property.com/land-for-sale/bangkok?page=2,,,,,,,,
Sai Mai ,"3,800,000",344,"11,047",,2025-07-30 13:16:06,3,https://www.thailand-property.com/land-for-sale/bangkok?page=4,,,,,,,,
Bang Bon ,"19,135,000","1,780","10,750",,2025-07-30 14:46:24,14,https://www.thailand-property.com/land-for-sale/bangkok?page=15,,,,,,,,
Bang Khen ,"6,500,000",608,"10,691",,2025-07-30 13:15:14,2,https://www.thailand-property.com/land-for-sale/bangkok?page=3,,,,,,,,
Don Mueang ,"5,200,000",488,"10,656",,2025-07-30 13:15:58,3,https://www.thailand-property.com/land-for-sale/bangkok?page=4,,,,,,,,
Don Mueang ,"66,200,000","6,420","10,312",,2025-07-30 13:23:35,10,https://www.thailand-property.com/land-for-sale/bangkok?page=11,,,,,,,,
Bang Khae ,"9,500,000",948,"10,021",,2025-07-30 13:20:48,8,https://www.thailand-property.com/land-for-sale/bangkok?page=9,,,,,,,,
Min Buri ,"45,520,000","4,544","10,018",,2025-07-30 13:19:31,6,https://www.thailand-property.com/land-for-sale/bangkok?page=7,,,,,,,,
Thawi Watthana ,"6,800,000",680,"10,000",,2025-07-30 13:36:07,13,https://www.thailand-property.com/land-for-sale/bangkok?page=14,,,,,,,,
Thawi Watthana ,"6,800,000",680,"10,000",,2025-07-30 14:47:17,15,https://www.thailand-property.com/land-for-sale/bangkok?page=16,,,,,,,,
Bang Khae ,"7,500,000",760,"9,868",,2025-07-30 14:48:17,16,https://www.thailand-property.com/land-for-sale/bangkok?page=17,,,,,,,,
Bang Khen ,"69,000,000","7,000","9,857",,2025-07-30 13:21:06,8,https://www.thailand-property.com/land-for-sale/bangkok?page=9,,,,,,,,
Taling Chan ,"10,690,000","1,092","9,789",,2025-07-30 13:19:38,6,https://www.thailand-property.com/land-for-sale/bangkok?page=7,,,,,,,,
Bang Khun Thian ,"7,000,000",716,"9,777",,2025-07-30 13:24:01,11,https://www.thailand-property.com/land-for-sale/bangkok?page=12,,,,,,,,
Bang Khun Thian ,"7,000,000",716,"9,777",,2025-07-30 14:46:18,14,https://www.thailand-property.com/land-for-sale/bangkok?page=15,,,,,,,,
Prawet ,"3,900,000",400,"9,750",,2025-07-30 14:50:27,18,https://www.thailand-property.com/land-for-sale/bangkok?page=19,,,,,,,,
Bang Khae ,"7,500,000",780,"9,615",,2025-07-30 13:16:02,3,https://www.thailand-property.com/land-for-sale/bangkok?page=4,,,,,,,,
Sai Mai ,"3,725,000",400,"9,313",,2025-07-30 13:17:44,5,https://www.thailand-property.com/land-for-sale/bangkok?page=6,,,,,,,,
Bang Khen ,"3,200,000",344,"9,302",,2025-07-30 13:20:25,7,https://www.thailand-property.com/land-for-sale/bangkok?page=8,,,,,,,,
Khlong Sam Wa ,"2,800,000",304,"9,211",,2025-07-30 13:17:47,5,https://www.thailand-property.com/land-for-sale/bangkok?page=6,,,,,,,,
Sai Mai ,"4,000,000",440,"9,091",,2025-07-30 13:16:08,3,https://www.thailand-property.com/land-for-sale/bangkok?page=4,,,,,,,,
Sai Mai ,"1,250,000",140,"8,929",,2025-07-30 14:50:24,18,https://www.thailand-property.com/land-for-sale/bangkok?page=19,,,,,,,,
Thawi Watthana ,"16,485,000","1,884","8,750",,2025-07-30 13:15:32,3,https://www.thailand-property.com/land-for-sale/bangkok?page=4,,,,,,,,
Nong Khaem ,"3,000,000",348,"8,621",,2025-07-30 14:49:14,17,https://www.thailand-property.com/land-for-sale/bangkok?page=18,,,,,,,,
Sai Mai ,"26,000,000","3,200","8,125",,2025-07-30 14:47:23,15,https://www.thailand-property.com/land-for-sale/bangkok?page=16,,,,,,,,
Bueng Kum ,"4,650,000",580,"8,017",,2025-07-30 14:49:17,17,https://www.thailand-property.com/land-for-sale/bangkok?page=18,,,,,,,,
Sai Mai ,"4,128,000",516,"8,000",,2025-07-30 13:16:37,4,https://www.thailand-property.com/land-for-sale/bangkok?page=5,,,,,,,,
Bang Bon ,"15,000,000","1,912","7,845",,2025-07-30 14:47:01,15,https://www.thailand-property.com/land-for-sale/bangkok?page=16,,,,,,,,
Taling Chan ,"4,400,000",568,"7,746",,2025-07-30 13:22:31,9,https://www.thailand-property.com/land-for-sale/bangkok?page=10,,,,,,,,
Chom Thong ,"11,500,000","1,488","7,728",,2025-07-30 13:23:27,10,https://www.thailand-property.com/land-for-sale/bangkok?page=11,,,,,,,,
Min Buri ,"6,090,000",812,"7,500",,2025-07-30 13:14:41,2,https://www.thailand-property.com/land-for-sale/bangkok?page=3,,,,,,,,
Sai Mai ,"12,000,000","1,600","7,500",,2025-07-30 13:15:31,3,https://www.thailand-property.com/land-for-sale/bangkok?page=4,,,,,,,,
Khlong Sam Wa ,"3,000,000",400,"7,500",,2025-07-30 13:25:14,12,https://www.thailand-property.com/land-for-sale/bangkok?page=13,,,,,,,,
Bang Khun Thian ,"5,800,000",800,"7,250",,2025-07-30 13:25:18,12,https://www.thailand-property.com/land-for-sale/bangkok?page=13,,,,,,,,
Bang Khun Thian ,"5,800,000",800,"7,250",,2025-07-30 13:20:40,7,https://www.thailand-property.com/land-for-sale/bangkok?page=8,,,,,,,,
Min Buri ,"8,900,000","1,228","7,248",,2025-07-30 13:14:56,2,https://www.thailand-property.com/land-for-sale/bangkok?page=3,,,,,,,,
Bang Khun Thian ,"116,700,000","16,680","6,996",,2025-07-30 13:15:29,3,https://www.thailand-property.com/land-for-sale/bangkok?page=4,,,,,,,,
Taling Chan ,"5,122,000",788,"6,500",,2025-07-30 13:20:50,8,https://www.thailand-property.com/land-for-sale/bangkok?page=9,,,,,,,,
Taling Chan ,"38,125,000","6,100","6,250",,2025-07-30 13:19:29,6,https://www.thailand-property.com/land-for-sale/bangkok?page=7,,,,,,,,
Min Buri ,"4,580,000",800,"5,725",,2025-07-30 13:14:07,1,https://www.thailand-property.com/land-for-sale/bangkok?page=2,,,,,,,,
Thawi Watthana ,"1,100,000",200,"5,500",,2025-07-30 14:46:13,14,https://www.thailand-property.com/land-for-sale/bangkok?page=15,,,,,,,,
Sai Mai ,"5,500,000","1,000","5,500",,2025-07-30 13:15:19,2,https://www.thailand-property.com/land-for-sale/bangkok?page=3,,,,,,,,
Nong Chok ,"139,952,500","26,344","5,313",,2025-07-30 13:25:01,12,https://www.thailand-property.com/land-for-sale/bangkok?page=13,,,,,,,,
Sai Mai ,"11,500,000","2,282","5,039",,2025-07-30 13:36:12,13,https://www.thailand-property.com/land-for-sale/bangkok?page=14,,,,,,,,
Thawi Watthana ,"2,047,500",468,"4,375",,2025-07-30 13:16:04,3,https://www.thailand-property.com/land-for-sale/bangkok?page=4,,,,,,,,
Nong Chok ,"60,726,250","14,940","4,065",,2025-07-30 13:25:02,12,https://www.thailand-property.com/land-for-sale/bangkok?page=13,,,,,,,,
Bang Khen ,"6,500,000","1,600","4,063",,2025-07-30 13:16:40,4,https://www.thailand-property.com/land-for-sale/bangkok?page=5,,,,,,,,
Khlong Sam Wa ,"6,300,000","1,600","3,938",,2025-07-30 13:14:16,1,https://www.thailand-property.com/land-for-sale/bangkok?page=2,,,,,,,,
Thawi Watthana ,"4,080,000","1,088","3,750",,2025-07-30 13:16:43,4,https://www.thailand-property.com/land-for-sale/bangkok?page=5,,,,,,,,
Thawi Watthana ,"999,900",296,"3,378",,2025-07-30 13:24:48,12,https://www.thailand-property.com/land-for-sale/bangkok?page=13,,,,,,,,
Khlong Sam Wa ,"150,000,000","49,068","3,057",,2025-07-30 14:46:22,14,https://www.thailand-property.com/land-for-sale/bangkok?page=15,,,,,,,,
Nong Chok ,"1,200,000",400,"3,000",,2025-07-30 13:25:16,12,https://www.thailand-property.com/land-for-sale/bangkok?page=13,,,,,,,,
Bang Na ,"181,000,000","64,000","2,828",,2025-07-30 13:15:27,3,https://www.thailand-property.com/land-for-sale/bangkok?page=4,,,,,,,,
Lat Krabang ,"2,976,300","1,060","2,808",,2025-07-30 14:50:29,18,https://www.thailand-property.com/land-for-sale/bangkok?page=19,,,,,,,,
Nong Chok ,"2,100,000",800,"2,625",,2025-07-30 13:16:39,4,https://www.thailand-property.com/land-for-sale/bangkok?page=5,,,,,,,,
Nong Chok ,"15,000,000","6,712","2,235",,2025-07-30 13:16:55,4,https://www.thailand-property.com/land-for-sale/bangkok?page=5,,,,,,,,
Thawi Watthana ,"1,750,000",832,"2,103",,2025-07-30 13:14:53,2,https://www.thailand-property.com/land-for-sale/bangkok?page=3,,,,,,,,
Nong Chok ,"2,890,000","1,676","1,724",,2025-07-30 13:24:10,11,https://www.thailand-property.com/land-for-sale/bangkok?page=12,,,,,,,,
Nong Chok ,"4,800,000","4,800","1,000",,2025-07-30 13:21:59,9,https://www.thailand-property.com/land-for-sale/bangkok?page=10,,,,,,,,